state,fips,county,population,max_case,max_death,rate_case_1000000,rate_death_1000000,rpl_themes,rpl_themes_q05
NY,36087,Rockland County,325789,8987,319,27585.33984,979.161377,0.603799999,3
NY,36119,Westchester County,967506,22476,668,23230.86328,690.4349976,0.551599979,2
NY,36061,New York County,5803210,127352,13202,21945.0957,2274.947754,0.550999999,2
NY,36059,Nassau County,1356924,28539,1109,21032.12891,817.2896729,0.243000001,1
GA,13243,Randolph County,6778,140,13,20655.06055,1917.969849,0.97390002,4
NY,36103,Suffolk County,1476601,25035,693,16954.47852,469.321106,0.214599997,1
NY,36071,Orange County,384940,6514,204,16922.11719,529.9526978,0.553799987,2
GA,13273,Terrell County,8531,139,13,16293.51758,1523.854126,0.957000017,4
GA,13095,Dougherty County,87956,1382,91,15712.40137,1034.608154,0.951300025,4
NJ,34031,Passaic County,501826,7604,230,15152.66211,458.3262024,0.77640003,3
NJ,34039,Union County,556341,8429,337,15150.78027,605.7435913,0.623199999,3
LA,22071,Orleans Parish,390144,5906,317,15138,812.5205078,0.744899988,3
LA,22095,St. John the Baptist Parish,42837,623,51,14543.50195,1190.55957,0.746800005,3
NJ,34017,Hudson County,672391,9636,425,14330.94727,632.0726929,0.642400026,3
NJ,34003,Bergen County,932202,11863,733,12725.78223,786.3102417,0.239500001,1
LA,22051,Jefferson Parish,432493,5478,269,12666.10059,621.9754028,0.612100005,3
NJ,34013,Essex County,798975,9672,693,12105.50977,867.3613281,0.840399981,4
LA,22093,St. James Parish,21096,216,14,10238.9082,663.6329346,0.629899979,3
GA,13261,Sumter County,29524,302,15,10228.96582,508.0612488,0.976400018,4
GA,13205,Mitchell County,21863,203,23,9285.09375,1052.005615,0.987900019,4
LA,22089,St. Charles Parish,53100,486,28,9152.541992,527.3069458,0.352899998,1
MA,25025,Suffolk County,803907,7272,164,9045.822266,204.0036926,0.737900019,3
GA,13177,Lee County,29992,269,16,8969.058594,533.4755859,0.351900011,1
NJ,34023,Middlesex County,825062,7308,321,8857.516602,389.061676,0.465900004,2
LA,22087,St. Bernard Parish,47244,404,14,8551.350586,296.3339233,0.771300018,3
LA,22047,Iberville Parish,32511,267,19,8212.604492,584.4176025,0.885999978,4
NJ,34027,Morris County,491845,3822,239,7770.740723,485.9254456,0.120099999,0
CT,9001,Fairfield County,943332,7146,425,7575.275879,450.5306702,0.449699998,2
MI,26163,Wayne County,1749343,13233,1044,7564.554199,596.7954712,0.872300029,4
NJ,34029,Ocean County,607186,4424,206,7286.070313,339.2700195,0.335399985,1
NY,36027,Dutchess County,294218,2142,19,7280.315918,64.57796478,0.420700014,2
NJ,34025,Monmouth County,618795,4414,212,7133.21875,342.6013489,0.160500005,0
AL,1017,Chambers County,33254,237,11,7126.962402,330.787262,0.738200009,3
NY,36105,Sullivan County,75432,505,11,6694.771484,145.8267059,0.793900013,3
NJ,34035,Somerset County,328934,2195,140,6673.071289,425.6173096,0.100000001,0
LA,22075,Plaquemines Parish,23197,152,13,6552.571289,560.4172974,0.706099987,3
IN,18031,Decatur County,26559,165,17,6212.583496,640.0843506,0.210199997,1
MA,25009,Essex County,789034,4584,159,5809.635742,201.5122223,0.508000016,2
NJ,34021,Mercer County,367430,2123,101,5777.971191,274.8822937,0.558000028,2
PA,42077,Lehigh County,369318,2092,29,5664.495117,78.52311707,0.63499999,3
LA,22057,Lafourche Parish,97614,542,22,5552.482422,225.3775024,0.766900003,3
PA,42089,Monroe County,170271,929,29,5456.008301,170.3167267,0.306400001,1
PA,42101,Philadelphia County,1584064,8563,298,5405.71582,188.1237183,0.920400023,4
CT,9009,New Haven County,854757,4520,229,5288.052734,267.9124146,0.522300005,2
PA,42079,Luzerne County,317417,1668,31,5254.916992,97.66332245,0.608900011,3
LA,22017,Caddo Parish,240204,1220,59,5079.016113,245.6245575,0.838500023,4
NY,36111,Ulster County,177573,880,15,4955.708496,84.4723053,0.470400006,2
MA,25021,Norfolk County,706775,3499,173,4950.65625,244.7738037,0.209199995,1
NJ,34041,Warren County,105267,521,37,4949.319336,351.4871826,0.217800006,1
MA,25023,Plymouth County,521202,2577,93,4944.340332,178.4337006,0.230299994,1
MA,25017,Middlesex County,1611699,7744,258,4804.867188,160.0795135,0.226400003,1
MI,26099,Macomb County,873972,4145,373,4742.714844,426.7871399,0.329600006,1
MI,26125,Oakland County,1257584,5901,442,4692.330566,351.4675903,0.114,0
MA,25013,Hampden County,466372,2134,161,4575.746582,345.2179871,0.823199987,4
PA,42095,Northampton County,305285,1335,27,4372.962891,88.44194794,0.287600011,1
NJ,34037,Sussex County,140488,591,55,4206.765137,391.4925232,0.019099999,0
LA,22117,Washington Parish,46194,184,12,3983.201172,259.7739868,0.996200025,4
PA,42045,Delaware County,566747,2226,73,3927.678467,128.8052673,0.413100004,2
IL,17031,Cook County,5150233,19391,760,3765.072266,147.5661469,0.675499976,3
LA,22005,Ascension Parish,126604,469,31,3704.464355,244.8579865,0.396800011,1
LA,22103,St. Tammany Parish,260419,961,66,3690.207031,253.4377289,0.310499996,1
PA,42011,Berks County,421164,1537,34,3649.409668,80.72864532,0.61619997,3
IN,18097,Marion County,964582,3518,182,3647.175781,188.6827698,0.797100008,3
NJ,34007,Camden County,506471,1809,64,3571.77417,126.3645859,0.611800015,3
LA,22099,St. Martin Parish,53431,189,11,3537.272461,205.8730011,0.783100009,3
DC,11001,District of Columbia,705749,2476,89,3508.329346,126.1071548,0.596499979,2
DE,10005,Sussex County,234225,811,22,3462.482666,93.9267807,0.401899993,2
CT,9003,Hartford County,891720,3015,266,3381.106201,298.2999268,0.514999986,2
MA,25027,Worcester County,830622,2765,84,3328.830566,101.1290359,0.40959999,2
MD,24033,Prince George's County,909327,2966,77,3261.75293,84.67800903,0.626100004,3
FL,12086,Miami-Dade County,2716940,8824,195,3247.771484,71.77191925,0.817499995,4
LA,22033,East Baton Rouge Parish,440059,1424,66,3235.929688,149.9798889,0.665300012,3
PA,42091,Montgomery County,830915,2684,97,3230.174072,116.7387772,0.165299997,0
LA,22105,Tangipahoa Parish,134758,435,19,3228.008789,140.9934845,0.888499975,4
CT,9005,Litchfield County,180333,569,46,3155.273926,255.0836487,0.081799999,0
NJ,34019,Hunterdon County,124371,385,16,3095.576904,128.6473541,0.0264,0
LA,22073,Ouachita Parish,153279,472,11,3079.352051,71.76455688,0.852199972,4
NJ,34005,Burlington County,445349,1366,56,3067.257324,125.7440796,0.205400005,1
MA,25003,Berkshire County,124944,383,24,3065.373291,192.0860596,0.408300012,2
CO,8123,Weld County,324492,960,60,2958.470459,184.9044037,0.399399996,1
MI,26049,Genesee County,405813,1197,106,2949.634521,261.2040405,0.662400007,3
MA,25005,Bristol County,565217,1659,63,2935.155762,111.4616165,0.524800003,2
PA,42069,Lackawanna County,209674,592,30,2823.430664,143.0792542,0.525200009,2
WA,53077,Yakima County,250873,707,29,2818.158936,115.5963364,0.927699983,4
IL,17097,Lake County,696535,1914,71,2747.887695,101.9331436,0.351300001,1
AZ,4005,Coconino County,143476,386,26,2690.345459,181.2149811,0.713100016,3
MA,25001,Barnstable County,212990,573,18,2690.26709,84.51100922,0.056400001,0
LA,22045,Iberia Parish,69830,187,10,2677.932129,143.2049255,0.960500002,4
LA,22109,Terrebonne Parish,110461,293,20,2652.519775,181.0593719,0.895200014,4
CT,9007,Middlesex County,162436,422,33,2597.946289,203.1569366,0.118199997,0
TN,47165,Sumner County,191283,491,31,2566.877441,162.0635376,0.205699995,1
MO,29510,St. Louis city,300576,766,35,2548.44043,116.4430923,0.779600024,3
GA,13275,Thomas County,44451,112,14,2519.628418,314.9535522,0.91079998,4
TN,47037,Davidson County,694144,1737,19,2502.362549,27.37184143,0.536300004,2
WA,53061,Snohomish County,822083,2057,88,2502.18042,107.0451508,0.2755,1
MA,25011,Franklin County,70180,174,25,2479.338867,356.2268372,0.209600002,1
PA,42017,Bucks County,628270,1546,68,2460.725586,108.2337189,0.083099999,0
MS,28075,Lauderdale County,74125,181,13,2441.821289,175.379425,0.928300023,4
KS,20209,Wyandotte County,165429,400,35,2417.955811,211.5711212,0.924199998,4
OH,39099,Mahoning County,228683,547,44,2391.95752,192.4060822,0.58890003,2
IN,18063,Hendricks County,170311,407,18,2389.74585,105.689003,0.081500001,0
IL,17091,Kankakee County,109862,260,10,2366.605469,91.02328491,0.665600002,3
IN,18095,Madison County,129569,305,28,2353.958008,216.1010742,0.671299994,3
IN,18081,Johnson County,158167,371,30,2345.62207,189.6729431,0.142399997,0
MI,26161,Washtenaw County,367601,855,25,2325.891357,68.00852203,0.2236,1
VT,50007,Chittenden County,163774,378,22,2308.058594,134.3314514,0.1831,0
NM,35045,San Juan County,123958,286,13,2307.233154,104.8742294,0.919399977,4
NJ,34015,Gloucester County,291636,664,23,2276.810791,78.86543274,0.167500004,0
IL,17197,Will County,690743,1566,90,2267.124023,130.2944794,0.202199996,1
GA,13015,Bartow County,107738,242,23,2246.189941,213.4808502,0.591400027,2
NY,36029,Erie County,918702,2023,107,2202.019775,116.4686737,0.414000005,2
WA,53033,King County,2252782,4908,331,2178.639648,146.9294434,0.285400003,1
MD,24031,Montgomery County,1050688,2280,63,2170.006592,59.96071243,0.325500011,1
MD,24510,Baltimore city,593490,1273,38,2144.939209,64.02803802,0.831200004,4
CO,8031,Denver County,727211,1549,64,2130.055908,88.00746918,0.419699997,2
WI,55079,Milwaukee County,945726,2013,120,2128.523438,126.8866425,0.806100011,4
DE,10001,Kent County,180786,384,10,2124.05835,55.31401825,0.726800025,3
IN,18089,Lake County,485493,1026,42,2113.315674,86.51000214,0.725199997,3
MO,29189,St. Louis County,994205,2088,72,2100.17041,72.4196701,0.261099994,1
MD,24017,Charles County,163257,337,15,2064.22998,91.87967682,0.172299996,0
NJ,34009,Cape May County,92039,189,15,2053.477295,162.9743958,0.3398,1
VA,51013,Arlington County,236842,485,16,2047.778687,67.55558777,0.140100002,0
CO,8005,Arapahoe County,656590,1342,55,2043.893433,83.76612854,0.266200006,1
NY,36001,Albany County,305506,619,20,2026.146729,65.46516418,0.304100007,1
MD,24021,Frederick County,259547,525,23,2022.755005,88.61593628,0.158899993,0
DE,10003,New Castle County,558753,1100,30,1968.669556,53.69098663,0.376100004,1
MI,26145,Saginaw County,190539,369,24,1936.61145,125.9584656,0.70480001,3
GA,13121,Fulton County,1063937,2026,73,1904.248047,68.61308289,0.526799977,2
MD,24005,Baltimore County,827370,1569,41,1896.370483,49.55461121,0.381799996,1
PA,42071,Lancaster County,545724,1031,71,1889.233398,130.1024017,0.457300007,2
FL,12011,Broward County,1952778,3688,107,1888.591553,54.7937355,0.584399998,2
MI,26059,Hillsdale County,45605,85,10,1863.830688,219.2742004,0.501900017,2
AL,1081,Lee County,164542,301,12,1829.32019,72.92971039,0.6602,3
LA,22055,Lafayette Parish,244390,443,17,1812.676514,69.56095123,0.621699989,3
LA,22015,Bossier Parish,127039,230,11,1810.467651,86.58758545,0.587599993,2
GA,13089,DeKalb County,759297,1349,23,1776.643433,30.29117775,0.66109997,3
LA,22097,St. Landry Parish,82124,142,18,1729.092651,219.1807556,0.921999991,4
MD,24013,Carroll County,168447,290,29,1721.609741,172.1609802,0.040399998,0
CT,9013,Tolland County,150721,258,24,1711.772095,159.2346191,0.069399998,0
NY,36021,Columbia County,59461,101,10,1698.592407,168.1774597,0.385399997,1
IL,17043,DuPage County,922921,1560,77,1690.285522,83.43076324,0.1611,0
GA,13063,Clayton County,292256,491,14,1680.033936,47.90320969,0.9102,4
MD,24003,Anne Arundel County,579234,967,34,1669.446167,58.69821167,0.178299993,0
NC,37159,Rowan County,142088,231,12,1625.753052,84.45470428,0.814300001,4
TN,47157,Shelby County,937166,1514,38,1615.508911,40.54777908,0.784699976,3
NY,36101,Steuben County,95379,154,18,1614.611206,188.7207947,0.469099998,2
VA,51087,Henrico County,330818,532,62,1608.13501,187.4142303,0.257299989,1
IN,18057,Hamilton County,338011,542,31,1603.498169,91.71298981,0.0255,0
MI,26087,Lapeer County,87607,140,13,1598.045776,148.3899689,0.238199994,1
OH,39095,Lucas County,428348,682,28,1592.16333,65.36740875,0.687600017,3
CO,8001,Adams County,517421,805,29,1555.793091,56.04720306,0.58920002,2
LA,22019,Calcasieu Parish,203436,309,16,1518.905151,78.64881134,0.739199996,3
OH,39029,Columbiana County,101883,154,11,1511.53772,107.96698,0.485399991,2
WA,53005,Benton County,204390,308,34,1506.923096,166.3486481,0.513999999,2
AL,1097,Mobile County,413210,622,24,1505.287842,58.08184814,0.753199995,3
MI,26115,Monroe County,150500,223,10,1481.727539,66.4451828,0.149399996,0
CO,8059,Jefferson County,582881,860,33,1475.42981,56.61532974,0.062700003,0
SC,45079,Richland County,415759,612,14,1472.006592,33.6733551,0.630900025,3
MD,24027,Howard County,325690,475,10,1458.442017,30.70404434,0.130600005,0
NJ,34001,Atlantic County,263670,372,17,1410.854492,64.47453308,0.791100025,3
GA,13067,Cobb County,760141,1072,51,1410.264648,67.09281921,0.266900003,1
PA,42029,Chester County,524989,739,30,1407.64856,57.14405441,0.143600002,0
FL,12099,Palm Beach County,1496770,2088,115,1395.003906,76.83211517,0.559199989,2
IA,19113,Linn County,226706,304,22,1340.943726,97.04198456,0.180600002,0
NY,36055,Monroe County,741770,976,62,1315.771729,83.5838623,0.520399988,2
NY,36067,Onondaga County,460528,598,17,1298.509521,36.91415024,0.520699978,2
TX,48303,Lubbock County,310569,402,28,1294.398315,90.15709686,0.74970001,3
VA,51059,Fairfax County,1147532,1476,37,1286.238647,32.24311066,0.187600002,0
IN,18019,Clark County,118302,151,10,1276.394287,84.52942657,0.254799992,1
UT,49035,Salt Lake County,1160437,1456,12,1254.699707,10.34093189,0.322899997,1
TX,48167,Galveston County,342139,421,14,1230.494019,40.91904068,0.584999979,2
ME,23005,Cumberland County,295003,360,14,1220.326538,47.45714569,0.136299998,0
NV,32031,Washoe County,471519,572,15,1213.100586,31.81208038,0.527100027,2
NV,32003,Clark County,2266715,2738,124,1207.915405,54.70471573,0.740400016,3
OH,39109,Miami County,106987,129,23,1205.754028,214.9793854,0.119099997,0
CA,6075,San Francisco County,881549,1058,20,1200.160156,22.68733788,0.391099989,1
WA,53053,Pierce County,904980,1086,28,1200.026489,30.93991089,0.487300009,2
WA,53073,Whatcom County,229247,273,25,1190.855225,109.052681,0.454100013,2
GA,13245,Richmond County,202518,241,11,1190.0177,54.31615829,0.932799995,4
CA,6037,Los Angeles County,10039107,11400,497,1135.559204,49.50639343,0.76819998,3
OH,39035,Cuyahoga County,1235072,1383,49,1119.772827,39.67380142,0.680899978,3
CT,9011,New London County,265206,292,10,1101.030884,37.70653915,0.356099993,1
GA,13135,Gwinnett County,936250,1017,36,1086.248291,38.45126724,0.434700012,2
PA,42007,Beaver County,163929,178,15,1085.835938,91.50302887,0.248099998,1
OH,39155,Trumbull County,197974,214,16,1080.950073,80.81869507,0.463999987,2
OH,39037,Darke County,51113,55,10,1076.047241,195.6449432,0.1347,0
OK,40027,Cleveland County,284014,301,21,1059.806885,73.9400177,0.343600005,1
MO,29183,St. Charles County,402022,426,19,1059.643555,47.26109695,0.0363,0
MI,26157,Tuscola County,52245,55,10,1052.7323,191.4058838,0.395900011,1
GA,13153,Houston County,157863,165,10,1045.210083,63.34606552,0.566900015,2
CA,6081,San Mateo County,766573,797,28,1039.692261,36.52620316,0.264999986,1
NC,37119,Mecklenburg County,1110356,1137,24,1023.995911,21.61468887,0.440800011,2
OH,39133,Portage County,162466,166,24,1021.752258,147.7232208,0.245499998,1
IL,17089,Kane County,532403,539,28,1012.390991,52.59173965,0.416900009,2
OH,39049,Franklin County,1316756,1320,23,1002.463623,17.46716881,0.512399971,2
CA,6065,Riverside County,2470546,2457,69,994.5170288,27.92904854,0.793900013,3
IL,17111,McHenry County,307774,306,13,994.2360229,42.23878479,0.070100002,0
AL,1073,Jefferson County,658573,651,24,988.5009155,36.44242859,0.662100017,3
IL,17163,St. Clair County,259686,256,17,985.8059082,65.46367645,0.522899985,2
FL,12019,Clay County,219252,216,10,985.1677246,45.60961914,0.380299985,1
CA,6085,Santa Clara County,1927852,1874,73,972.0663452,37.86597824,0.355699986,1
CO,8013,Boulder County,326196,313,15,959.5457764,45.98462296,0.170399994,0
CO,8041,El Paso County,720403,689,49,956.4091187,68.01748657,0.392699987,1
TX,48201,Harris County,4713325,4460,68,946.253418,14.4271822,0.72359997,3
CO,8035,Douglas County,351154,329,15,936.9108887,42.71630096,0.015,0
FL,12071,Lee County,770577,721,27,935.6624756,35.03867722,0.55250001,2
AR,5119,Pulaski County,391911,360,11,918.5759277,28.06759644,0.628700018,3
OR,41047,Marion County,347818,317,12,911.3961792,34.50080109,0.853500009,4
FL,12119,Sumter County,132420,120,11,906.2075195,83.06902313,0.236000001,1
NC,37089,Henderson County,117417,106,11,902.7653809,93.68319702,0.32100001,1
VA,51760,Richmond city,230436,207,10,898.2971191,43.39599609,0.772899985,3
TX,48479,Webb County,276652,245,11,885.5891113,39.76114273,0.949699998,4
WI,55089,Ozaukee County,89221,78,10,874.2336426,112.0812378,0.0134,0
SC,45045,Greenville County,523542,447,11,853.7996826,21.01073074,0.503799975,2
FL,12031,Duval County,957755,817,15,853.036499,15.66162491,0.691999972,3
TX,48453,Travis County,1273954,1074,23,843.0445557,18.05402756,0.381199986,1
GA,13059,Clarke County,128331,107,12,833.7813721,93.50819397,0.767499983,3
FL,12095,Orange County,1393452,1158,23,831.0297241,16.50577164,0.669099987,3
TX,48113,Dallas County,2635516,2190,55,830.9568481,20.86877823,0.753799975,3
CA,6107,Tulare County,466195,382,17,819.3995972,36.4654274,0.941699982,4
KY,21111,Jefferson County,766757,625,60,815.1213379,78.25164795,0.568199992,2
FL,12081,Manatee County,403253,326,29,808.4254761,71.9151535,0.519699991,2
TX,48157,Fort Bend County,811688,656,16,808.1923218,19.71200752,0.287299991,1
OH,39061,Hamilton County,817473,658,30,804.9195557,36.69845963,0.536899984,2
OH,39093,Lorain County,309833,246,14,793.9761353,45.1856308,0.508899987,2
AZ,4019,Pima County,1047279,819,29,782.0265503,27.69080544,0.882799983,4
PA,42003,Allegheny County,1216045,947,43,778.7540894,35.36053467,0.25060001,1
OH,39103,Medina County,179746,135,10,751.0598145,55.63405991,0.0102,0
ID,16069,Nez Perce County,40408,30,10,742.4272461,247.4757538,0.506699979,2
CA,6041,Marin County,258826,188,10,726.3566895,38.63599396,0.270099998,1
KY,21117,Kenton County,166998,121,10,724.5595703,59.88095856,0.337900013,1
NM,35001,Bernalillo County,679121,491,18,722.9934082,26.50485039,0.682799995,3
TX,48041,Brazos County,229211,164,15,715.4979248,65.4418869,0.653199971,3
IN,18003,Allen County,379299,271,19,714.4758911,50.09240723,0.523599982,2
PA,42129,Westmoreland County,348899,249,13,713.673584,37.26006699,0.137899995,0
WI,55025,Dane County,546695,359,17,656.6732788,31.09594917,0.168799996,0
MI,26081,Kent County,656955,430,20,654.5349121,30.44348526,0.476099998,2
MN,27053,Hennepin County,1265843,806,61,636.7298584,48.18923187,0.309199989,1
CA,6001,Alameda County,1671329,1063,40,636.020813,23.93305016,0.470099986,2
TX,48121,Denton County,887207,564,15,635.7028198,16.90699005,0.221000001,1
FL,12115,Sarasota County,433742,275,23,634.0174561,53.0269165,0.253800005,1
WI,55133,Waukesha County,404198,255,11,630.8789063,27.21438408,0.019400001,0
FL,12057,Hillsborough County,1471968,926,19,629.0897827,12.90788937,0.670099974,3
CA,6073,San Diego County,3338330,2087,63,625.1629028,18.87171173,0.559599996,2
OK,40109,Oklahoma County,797434,497,22,623.2490845,27.58848953,0.681800008,3
OH,39169,Wayne County,115710,72,11,622.2452393,95.06524658,0.479000002,2
OH,39153,Summit County,541013,323,17,597.0281372,31.42253494,0.333400011,1
KS,20091,Johnson County,602401,358,23,594.2885132,38.18054581,0.061500002,0
FL,12111,St. Lucie County,328297,192,11,584.8363037,33.50624466,0.718500018,3
FL,12103,Pinellas County,974996,565,16,579.489563,16.4103241,0.516900003,2
CA,6067,Sacramento County,1552058,896,42,577.2980347,27.06084442,0.733799994,3
OK,40143,Tulsa County,651552,376,21,577.0836182,32.23073578,0.61589998,3
OR,41051,Multnomah County,812855,467,28,574.5181885,34.44648743,0.467500001,2
WA,53063,Spokane County,522798,298,20,570.0098267,38.25569153,0.482499987,2
WA,53011,Clark County,488241,277,16,567.3427734,32.77070236,0.285699993,1
OH,39151,Stark County,370606,210,22,566.6395264,59.36223221,0.366600007,1
IA,19153,Polk County,490161,277,10,565.1204224,20.40146065,0.376800001,1
CA,6013,Contra Costa County,1153526,648,19,561.7558594,16.47123718,0.405699998,2
TX,48439,Tarrant County,2102515,1175,35,558.8544922,16.64673042,0.547500014,2
NC,37101,Johnston County,209339,114,10,544.571228,47.76940918,0.539499998,2
AZ,4013,Maricopa County,4485414,2404,69,535.9594727,15.38319492,0.635399997,3
TX,48085,Collin County,1034730,505,11,488.0500183,10.63079262,0.150600001,0
CA,6077,San Joaquin County,762148,371,17,486.7821045,22.30537987,0.889199972,4
SC,45051,Horry County,354081,168,10,474.4677124,28.24212456,0.610199988,3
CA,6071,San Bernardino County,2180085,1032,47,473.3760376,21.55879211,0.901000023,4
CA,6059,Orange County,3175692,1501,28,472.6528931,8.816975594,0.419099987,2
CA,6111,Ventura County,846006,397,13,469.2638245,15.36632156,0.482800007,2
TX,48029,Bexar County,2003554,918,37,458.185791,18.46718407,0.825800002,4
FL,12105,Polk County,724777,316,12,435.9961853,16.5568161,0.903500021,4
MO,29095,Jackson County,703011,267,11,379.7949219,15.64698124,0.535399973,2
NC,37081,Guilford County,537174,171,12,318.3326111,22.3391304,0.636900008,3
TN,47065,Hamilton County,367804,115,11,312.6665344,29.90723228,0.413700014,2
